{"xgb":{"auc":0.9523711026,"average_precision":0.8553452184,"f1":0.8327402135,"precision":0.9669421488,"recall":0.73125},"lgb":{"auc":0.9531797052,"average_precision":0.8698808391,"f1":0.8546409807,"precision":0.9721115538,"recall":0.7625},"cat":{"auc":0.9500745732,"average_precision":0.8548810543,"f1":0.823723229,"precision":0.8710801394,"recall":0.78125},"ensemble":{"auc":0.9553736283,"average_precision":0.8657263338,"f1":0.8461538462,"precision":0.9603174603,"recall":0.75625}}