Model,AUC,Average Precision,F1 Score,Precision,Recall
XGB,0.9523711026,0.8553452184,0.8327402135,0.9669421488,0.73125
LGB,0.9531797052,0.8698808391,0.8546409807,0.9721115538,0.7625
CAT,0.9500745732,0.8548810543,0.823723229,0.8710801394,0.78125
ENSEMBLE,0.9553736283,0.8657263338,0.8461538462,0.9603174603,0.75625
