{"auc":0.8641245972,"average_precision":0.2243491077,"f1":0.0,"precision":0.0,"recall":0.0}