{
  "isolation_forest": {
    "accuracy": 0.9085873803615739,
    "precision": 0.09823008849557523,
    "recall": 0.09610389610389611,
    "f1_score": 0.09715536105032822,
    "roc_auc": 0.63345052960707,
    "avg_precision": 0.08121661343518044,
    "threshold": 0.5,
    "true_negatives": 20394,
    "false_positives": 1019,
    "false_negatives": 1044,
    "true_positives": 111
  },
  "xgboost": {
    "accuracy": 0.9913151364764268,
    "precision": 0.9195100612423447,
    "recall": 0.90995670995671,
    "f1_score": 0.9147084421235857,
    "roc_auc": 0.9936367902089659,
    "avg_precision": 0.9621292000850311,
    "threshold": 0.6821528077125549,
    "true_negatives": 21321,
    "false_positives": 92,
    "false_negatives": 104,
    "true_positives": 1051
  },
  "lightgbm": {
    "accuracy": 0.8655618574973414,
    "precision": 0.23362631131273037,
    "recall": 0.7134199134199134,
    "f1_score": 0.35198633062793677,
    "roc_auc": 0.8915927796420955,
    "avg_precision": 0.2491525454883935,
    "threshold": 0.1382927328651223,
    "true_negatives": 18710,
    "false_positives": 2703,
    "false_negatives": 331,
    "true_positives": 824
  },
  "random_forest": {
    "accuracy": 0.9953473945409429,
    "precision": 0.9861111111111112,
    "recall": 0.922077922077922,
    "f1_score": 0.9530201342281879,
    "roc_auc": 0.9955987411458387,
    "avg_precision": 0.9760461236870823,
    "threshold": 0.5438815258636965,
    "true_negatives": 21398,
    "false_positives": 15,
    "false_negatives": 90,
    "true_positives": 1065
  },
  "stacking_ensemble": {
    "accuracy": 0.9941510102800425,
    "precision": 0.9749303621169917,
    "recall": 0.9090909090909091,
    "f1_score": 0.9408602150537635,
    "roc_auc": 0.9929207143049201,
    "avg_precision": 0.9658051130000136,
    "threshold": 0.93160663031579,
    "true_negatives": 21386,
    "false_positives": 27,
    "false_negatives": 105,
    "true_positives": 1050
  },
  "neural_network": {
    "accuracy": 0.993663594470046,
    "precision": 0.9728971962616823,
    "recall": 0.9012987012987013,
    "f1_score": 0.9357303370786517,
    "roc_auc": 0.9958112592119971,
    "avg_precision": 0.9730397024275815,
    "threshold": 0.9697657823562622,
    "true_negatives": 21384,
    "false_positives": 29,
    "false_negatives": 114,
    "true_positives": 1041
  }
}